<?xml version="1.0" encoding="UTF-8"?>
<export version="D">
  <design>
    <source>D:\Proj\VGMPlayer\hw\VGMPlayer.sch</source>
    <date>06/10/21 16:49:35</date>
    <tool>Eeschema (5.1.6)-1</tool>
    <sheet number="1" name="/" tstamps="/">
      <title_block>
        <title/>
        <company/>
        <rev/>
        <date/>
        <source>VGMPlayer.sch</source>
        <comment number="1" value=""/>
        <comment number="2" value=""/>
        <comment number="3" value=""/>
        <comment number="4" value=""/>
      </title_block>
    </sheet>
  </design>
  <components>
    <comp ref="Q2">
      <value>AO3401A</value>
      <footprint>BZ_Standard_IC:SOT-23-3</footprint>
      <libsource lib="BZ_FET" part="MOS_P_GSD" description="P Channel MOSFET 1-G 2-S 3-D"/>
      <sheetpath names="/" tstamps="/"/>
      <tstamp>6051EEEB</tstamp>
    </comp>
    <comp ref="R20">
      <value>100K</value>
      <footprint>BZ_Resistor:R_0402</footprint>
      <libsource lib="BZ_Passive" part="R" description="Generic Resistor"/>
      <sheetpath names="/" tstamps="/"/>
      <tstamp>6057ED21</tstamp>
    </comp>
    <comp ref="DISP1">
      <value>IPS_ZJY154T-PG04</value>
      <footprint>BZ_Display:IPS_ZJY154T-PG04</footprint>
      <libsource lib="BZ_Display" part="IPS_ZJY154T-PG04" description="IPS Panel 1.54inch 240x240"/>
      <sheetpath names="/" tstamps="/"/>
      <tstamp>6073584D</tstamp>
    </comp>
    <comp ref="Q4">
      <value>2N7002</value>
      <footprint>BZ_Standard_IC:SOT-323-3</footprint>
      <libsource lib="BZ_FET" part="MOS_N_GSD" description="N Channel MOSFET 1-G 2-S 3-D"/>
      <sheetpath names="/" tstamps="/"/>
      <tstamp>6073BF1F</tstamp>
    </comp>
    <comp ref="C16">
      <value>100n</value>
      <footprint>BZ_Capacitor:C_0402</footprint>
      <libsource lib="BZ_Passive" part="C" description="Generic Capacitor"/>
      <sheetpath names="/" tstamps="/"/>
      <tstamp>60D5B373</tstamp>
    </comp>
    <comp ref="R12">
      <value>10</value>
      <footprint>BZ_Resistor:R_0603</footprint>
      <libsource lib="BZ_Passive" part="R" description="Generic Resistor"/>
      <sheetpath names="/" tstamps="/"/>
      <tstamp>60CA2A39</tstamp>
    </comp>
    <comp ref="C13">
      <value>100n</value>
      <footprint>BZ_Capacitor:C_0402</footprint>
      <libsource lib="BZ_Passive" part="C" description="Generic Capacitor"/>
      <sheetpath names="/" tstamps="/"/>
      <tstamp>607028AC</tstamp>
    </comp>
    <comp ref="C12">
      <value>100n</value>
      <footprint>BZ_Capacitor:C_0402</footprint>
      <libsource lib="BZ_Passive" part="C" description="Generic Capacitor"/>
      <sheetpath names="/" tstamps="/"/>
      <tstamp>607025B3</tstamp>
    </comp>
    <comp ref="C11">
      <value>100n</value>
      <footprint>BZ_Capacitor:C_0402</footprint>
      <libsource lib="BZ_Passive" part="C" description="Generic Capacitor"/>
      <sheetpath names="/" tstamps="/"/>
      <tstamp>607023A4</tstamp>
    </comp>
    <comp ref="C1">
      <value>100n</value>
      <footprint>BZ_Capacitor:C_0402</footprint>
      <libsource lib="BZ_Passive" part="C" description="Generic Capacitor"/>
      <sheetpath names="/" tstamps="/"/>
      <tstamp>60656792</tstamp>
    </comp>
    <comp ref="R3">
      <value>10K</value>
      <footprint>BZ_Resistor:R_0402</footprint>
      <libsource lib="BZ_Passive" part="R" description="Generic Resistor"/>
      <sheetpath names="/" tstamps="/"/>
      <tstamp>606E14C0</tstamp>
    </comp>
    <comp ref="R8">
      <value>1K</value>
      <footprint>BZ_Resistor:R_0402</footprint>
      <libsource lib="BZ_Passive" part="R" description="Generic Resistor"/>
      <sheetpath names="/" tstamps="/"/>
      <tstamp>60688231</tstamp>
    </comp>
    <comp ref="C9">
      <value>100n</value>
      <footprint>BZ_Capacitor:C_0402</footprint>
      <libsource lib="BZ_Passive" part="C" description="Generic Capacitor"/>
      <sheetpath names="/" tstamps="/"/>
      <tstamp>605F91D3</tstamp>
    </comp>
    <comp ref="C8">
      <value>1u</value>
      <footprint>BZ_Capacitor:C_0603</footprint>
      <libsource lib="BZ_Passive" part="C" description="Generic Capacitor"/>
      <sheetpath names="/" tstamps="/"/>
      <tstamp>605DB6F6</tstamp>
    </comp>
    <comp ref="C5">
      <value>100n</value>
      <footprint>BZ_Capacitor:C_0402</footprint>
      <libsource lib="BZ_Passive" part="C" description="Generic Capacitor"/>
      <sheetpath names="/" tstamps="/"/>
      <tstamp>60587A5B</tstamp>
    </comp>
    <comp ref="C6">
      <value>100n</value>
      <footprint>BZ_Capacitor:C_0402</footprint>
      <libsource lib="BZ_Passive" part="C" description="Generic Capacitor"/>
      <sheetpath names="/" tstamps="/"/>
      <tstamp>605877B6</tstamp>
    </comp>
    <comp ref="C7">
      <value>1u</value>
      <footprint>BZ_Capacitor:C_0603</footprint>
      <libsource lib="BZ_Passive" part="C" description="Generic Capacitor"/>
      <sheetpath names="/" tstamps="/"/>
      <tstamp>605808C9</tstamp>
    </comp>
    <comp ref="R7">
      <value>1K</value>
      <footprint>BZ_Resistor:R_0402</footprint>
      <libsource lib="BZ_Passive" part="R" description="Generic Resistor"/>
      <sheetpath names="/" tstamps="/"/>
      <tstamp>6053ED0E</tstamp>
    </comp>
    <comp ref="C3">
      <value>22p</value>
      <footprint>BZ_Capacitor:C_0402</footprint>
      <libsource lib="BZ_Passive" part="C" description="Generic Capacitor"/>
      <sheetpath names="/" tstamps="/"/>
      <tstamp>6053B013</tstamp>
    </comp>
    <comp ref="C2">
      <value>10u</value>
      <footprint>BZ_Capacitor:C_0603</footprint>
      <libsource lib="BZ_Passive" part="C" description="Generic Capacitor"/>
      <sheetpath names="/" tstamps="/"/>
      <tstamp>6055A207</tstamp>
    </comp>
    <comp ref="R2">
      <value>5.1K</value>
      <footprint>BZ_Resistor:R_0402</footprint>
      <libsource lib="BZ_Passive" part="R" description="Generic Resistor"/>
      <sheetpath names="/" tstamps="/"/>
      <tstamp>604A9E8C</tstamp>
    </comp>
    <comp ref="R1">
      <value>5.1K</value>
      <footprint>BZ_Resistor:R_0402</footprint>
      <libsource lib="BZ_Passive" part="R" description="Generic Resistor"/>
      <sheetpath names="/" tstamps="/"/>
      <tstamp>604A97E9</tstamp>
    </comp>
    <comp ref="R5">
      <value>27</value>
      <footprint>BZ_Resistor:R_0402</footprint>
      <libsource lib="BZ_Passive" part="R" description="Generic Resistor"/>
      <sheetpath names="/" tstamps="/"/>
      <tstamp>604A8502</tstamp>
    </comp>
    <comp ref="R4">
      <value>27</value>
      <footprint>BZ_Resistor:R_0402</footprint>
      <libsource lib="BZ_Passive" part="R" description="Generic Resistor"/>
      <sheetpath names="/" tstamps="/"/>
      <tstamp>604A770B</tstamp>
    </comp>
    <comp ref="Y1">
      <value>12MHz</value>
      <footprint>BZ_Crystal:XTAL_3225_4P</footprint>
      <fields>
        <field name="P/N">X322512MSB4SI</field>
      </fields>
      <libsource lib="BZ_Passive" part="XTAL_4P" description="Cystal Oscillator 4P"/>
      <sheetpath names="/" tstamps="/"/>
      <tstamp>604A573B</tstamp>
    </comp>
    <comp ref="P1">
      <value>USB_C_Receptacle_16P</value>
      <footprint>BZ_Connector:HRO_TYPE-C-31-M-12</footprint>
      <datasheet>https://www.usb.org/sites/default/files/documents/usb_type-c.zip</datasheet>
      <libsource lib="BZ_Connector" part="USB_C_Receptacle_16P" description="USB 2.0-only Type-C Receptacle connector"/>
      <sheetpath names="/" tstamps="/"/>
      <tstamp>604375FE</tstamp>
    </comp>
    <comp ref="R11">
      <value>10K</value>
      <footprint>BZ_Resistor:R_0402</footprint>
      <libsource lib="BZ_Passive" part="R" description="Generic Resistor"/>
      <sheetpath names="/" tstamps="/"/>
      <tstamp>611C0792</tstamp>
    </comp>
    <comp ref="C15">
      <value>10u</value>
      <footprint>BZ_Capacitor:C_0603</footprint>
      <fields>
        <field name="JLCPN">C77044</field>
        <field name="PN">GRM188R61A106KE69D </field>
      </fields>
      <libsource lib="BZ_Passive" part="C" description="Generic Capacitor"/>
      <sheetpath names="/" tstamps="/"/>
      <tstamp>60F244CE</tstamp>
    </comp>
    <comp ref="J1">
      <value>Micro_SD_Card</value>
      <footprint>BZ_Connector:XKB_XKTF-015-X</footprint>
      <datasheet>http://katalog.we-online.de/em/datasheet/693072010801.pdf</datasheet>
      <libsource lib="BZ_Connector" part="Micro_SD_Card" description="Micro SD Card Socket"/>
      <sheetpath names="/" tstamps="/"/>
      <tstamp>605B9496</tstamp>
    </comp>
    <comp ref="S3">
      <value>U</value>
      <footprint>BZ_Switch:C&amp;K_PTS525</footprint>
      <libsource lib="BZ_Switch" part="PB-SPST-NO_2P" description="Push Button Normally Open SPST 2 Pin"/>
      <sheetpath names="/" tstamps="/"/>
      <tstamp>606E358E</tstamp>
    </comp>
    <comp ref="S1">
      <value>L</value>
      <footprint>BZ_Switch:C&amp;K_PTS525</footprint>
      <libsource lib="BZ_Switch" part="PB-SPST-NO_2P" description="Push Button Normally Open SPST 2 Pin"/>
      <sheetpath names="/" tstamps="/"/>
      <tstamp>606E50C2</tstamp>
    </comp>
    <comp ref="S5">
      <value>ENTER</value>
      <footprint>BZ_Switch:C&amp;K_PTS525</footprint>
      <libsource lib="BZ_Switch" part="PB-SPST-NO_2P" description="Push Button Normally Open SPST 2 Pin"/>
      <sheetpath names="/" tstamps="/"/>
      <tstamp>606E4AE3</tstamp>
    </comp>
    <comp ref="C32">
      <value>100n</value>
      <footprint>BZ_Capacitor:C_0402</footprint>
      <libsource lib="BZ_Passive" part="C" description="Generic Capacitor"/>
      <sheetpath names="/" tstamps="/"/>
      <tstamp>61455D9A</tstamp>
    </comp>
    <comp ref="R22">
      <value>10K</value>
      <footprint>BZ_Resistor:R_0402</footprint>
      <libsource lib="BZ_Passive" part="R" description="Generic Resistor"/>
      <sheetpath names="/" tstamps="/"/>
      <tstamp>60D390DA</tstamp>
    </comp>
    <comp ref="D3">
      <value>LED</value>
      <footprint>BZ_Diode:D_LED_0805_Edge_Lit</footprint>
      <libsource lib="BZ_Diode" part="LED" description="LED"/>
      <sheetpath names="/" tstamps="/"/>
      <tstamp>60CF8F39</tstamp>
    </comp>
    <comp ref="P5">
      <value>ICSP</value>
      <footprint>BZ_Connector:PINHDR-THT-50mil-01x06</footprint>
      <datasheet>~</datasheet>
      <libsource lib="BZ_Connector" part="Conn_01x06" description="Connector, 6-pin"/>
      <sheetpath names="/" tstamps="/"/>
      <tstamp>609EDA84</tstamp>
    </comp>
    <comp ref="D1">
      <value>RB521S30T1G</value>
      <footprint>BZ_Diode:D_SOD-523</footprint>
      <libsource lib="BZ_Diode" part="Schottky" description="Schottky Diode"/>
      <sheetpath names="/" tstamps="/"/>
      <tstamp>6094D8B3</tstamp>
    </comp>
    <comp ref="U4">
      <value>WM8978</value>
      <footprint>BZ_Standard_IC:QFN-32-1EP_5x5x0.5P_EP3.45</footprint>
      <libsource lib="BZ_CirrusLogic" part="WM8978" description="Stereo CODEC with speaker driver"/>
      <sheetpath names="/" tstamps="/"/>
      <tstamp>60952871</tstamp>
    </comp>
    <comp ref="SP1">
      <value>Speaker</value>
      <footprint>BZ_Misc:iPhone8Speaker</footprint>
      <libsource lib="BZ_Misc" part="Speaker" description=""/>
      <sheetpath names="/" tstamps="/"/>
      <tstamp>60986BAA</tstamp>
    </comp>
    <comp ref="C35">
      <value>10u</value>
      <footprint>BZ_Capacitor:C_0603</footprint>
      <libsource lib="BZ_Passive" part="C" description="Generic Capacitor"/>
      <sheetpath names="/" tstamps="/"/>
      <tstamp>60A6A6EC</tstamp>
    </comp>
    <comp ref="C31">
      <value>10u</value>
      <footprint>BZ_Capacitor:C_0603</footprint>
      <fields>
        <field name="JLCPN">C77044</field>
        <field name="PN">GRM188R61A106KE69D </field>
      </fields>
      <libsource lib="BZ_Passive" part="C" description="Generic Capacitor"/>
      <sheetpath names="/" tstamps="/"/>
      <tstamp>60A6AF81</tstamp>
    </comp>
    <comp ref="R6">
      <value>10K</value>
      <footprint>BZ_Resistor:R_0402</footprint>
      <libsource lib="BZ_Passive" part="R" description="Generic Resistor"/>
      <sheetpath names="/" tstamps="/"/>
      <tstamp>6095E817</tstamp>
    </comp>
    <comp ref="Q3">
      <value>2N7002</value>
      <footprint>BZ_Standard_IC:SOT-323-3</footprint>
      <libsource lib="BZ_FET" part="MOS_N_GSD" description="N Channel MOSFET 1-G 2-S 3-D"/>
      <sheetpath names="/" tstamps="/"/>
      <tstamp>6097CF28</tstamp>
    </comp>
    <comp ref="C28">
      <value>100u</value>
      <footprint>BZ_Capacitor:CP_5x5.3</footprint>
      <libsource lib="BZ_Passive" part="CP" description="Generic Polarized Capacitor"/>
      <sheetpath names="/" tstamps="/"/>
      <tstamp>6097C5B8</tstamp>
    </comp>
    <comp ref="C29">
      <value>100u</value>
      <footprint>BZ_Capacitor:CP_5x5.3</footprint>
      <libsource lib="BZ_Passive" part="CP" description="Generic Polarized Capacitor"/>
      <sheetpath names="/" tstamps="/"/>
      <tstamp>6097ED6B</tstamp>
    </comp>
    <comp ref="J2">
      <value>EarPiece</value>
      <footprint>BZ_Connector:XKB_PJ-327A0-SMT</footprint>
      <datasheet>~</datasheet>
      <libsource lib="BZ_Connector" part="AudioJack-TRS-SwitchTS" description="Audio Jack, T R 2S Switch on T S"/>
      <sheetpath names="/" tstamps="/"/>
      <tstamp>6099B167</tstamp>
    </comp>
    <comp ref="R14">
      <value>10K</value>
      <footprint>BZ_Resistor:R_0402</footprint>
      <libsource lib="BZ_Passive" part="R" description="Generic Resistor"/>
      <sheetpath names="/" tstamps="/"/>
      <tstamp>60AE6523</tstamp>
    </comp>
    <comp ref="R16">
      <value>10K</value>
      <footprint>BZ_Resistor:R_0402</footprint>
      <libsource lib="BZ_Passive" part="R" description="Generic Resistor"/>
      <sheetpath names="/" tstamps="/"/>
      <tstamp>60AE6C86</tstamp>
    </comp>
    <comp ref="R17">
      <value>100K</value>
      <footprint>BZ_Resistor:R_0402</footprint>
      <libsource lib="BZ_Passive" part="R" description="Generic Resistor"/>
      <sheetpath names="/" tstamps="/"/>
      <tstamp>60B90F05</tstamp>
    </comp>
    <comp ref="R15">
      <value>10K</value>
      <footprint>BZ_Resistor:R_0402</footprint>
      <libsource lib="BZ_Passive" part="R" description="Generic Resistor"/>
      <sheetpath names="/" tstamps="/"/>
      <tstamp>60BE8F73</tstamp>
    </comp>
    <comp ref="C30">
      <value>1u</value>
      <footprint>BZ_Capacitor:C_0603</footprint>
      <libsource lib="BZ_Passive" part="C" description="Generic Capacitor"/>
      <sheetpath names="/" tstamps="/"/>
      <tstamp>60C5CB5B</tstamp>
    </comp>
    <comp ref="R21">
      <value>10K</value>
      <footprint>BZ_Resistor:R_0402</footprint>
      <libsource lib="BZ_Passive" part="R" description="Generic Resistor"/>
      <sheetpath names="/" tstamps="/"/>
      <tstamp>6098433D</tstamp>
    </comp>
    <comp ref="C17">
      <value>100n</value>
      <footprint>BZ_Capacitor:C_0402</footprint>
      <libsource lib="BZ_Passive" part="C" description="Generic Capacitor"/>
      <sheetpath names="/" tstamps="/"/>
      <tstamp>60A538CB</tstamp>
    </comp>
    <comp ref="C21">
      <value>100n</value>
      <footprint>BZ_Capacitor:C_0402</footprint>
      <libsource lib="BZ_Passive" part="C" description="Generic Capacitor"/>
      <sheetpath names="/" tstamps="/"/>
      <tstamp>60AACCB6</tstamp>
    </comp>
    <comp ref="C22">
      <value>10u</value>
      <footprint>BZ_Capacitor:C_0603</footprint>
      <fields>
        <field name="JLCPN">C77044</field>
        <field name="PN">GRM188R61A106KE69D </field>
      </fields>
      <libsource lib="BZ_Passive" part="C" description="Generic Capacitor"/>
      <sheetpath names="/" tstamps="/"/>
      <tstamp>60ACB1C2</tstamp>
    </comp>
    <comp ref="C18">
      <value>10u</value>
      <footprint>BZ_Capacitor:C_0603</footprint>
      <fields>
        <field name="JLCPN">C77044</field>
        <field name="PN">GRM188R61A106KE69D </field>
      </fields>
      <libsource lib="BZ_Passive" part="C" description="Generic Capacitor"/>
      <sheetpath names="/" tstamps="/"/>
      <tstamp>60ACB9DA</tstamp>
    </comp>
    <comp ref="C19">
      <value>100n</value>
      <footprint>BZ_Capacitor:C_0402</footprint>
      <libsource lib="BZ_Passive" part="C" description="Generic Capacitor"/>
      <sheetpath names="/" tstamps="/"/>
      <tstamp>60AE9B80</tstamp>
    </comp>
    <comp ref="C20">
      <value>10u</value>
      <footprint>BZ_Capacitor:C_0603</footprint>
      <fields>
        <field name="JLCPN">C77044</field>
        <field name="PN">GRM188R61A106KE69D </field>
      </fields>
      <libsource lib="BZ_Passive" part="C" description="Generic Capacitor"/>
      <sheetpath names="/" tstamps="/"/>
      <tstamp>60B83400</tstamp>
    </comp>
    <comp ref="C26">
      <value>10u</value>
      <footprint>BZ_Capacitor:C_0603</footprint>
      <fields>
        <field name="JLCPN">C77044</field>
        <field name="PN">GRM188R61A106KE69D </field>
      </fields>
      <libsource lib="BZ_Passive" part="C" description="Generic Capacitor"/>
      <sheetpath names="/" tstamps="/"/>
      <tstamp>60BE0D34</tstamp>
    </comp>
    <comp ref="C27">
      <value>100n</value>
      <footprint>BZ_Capacitor:C_0402</footprint>
      <libsource lib="BZ_Passive" part="C" description="Generic Capacitor"/>
      <sheetpath names="/" tstamps="/"/>
      <tstamp>60BE13F8</tstamp>
    </comp>
    <comp ref="FB1">
      <value>FB</value>
      <footprint>BZ_Inductor:L_0805</footprint>
      <libsource lib="BZ_Passive" part="FB" description="Ferrite Bead"/>
      <sheetpath names="/" tstamps="/"/>
      <tstamp>60C21CA7</tstamp>
    </comp>
    <comp ref="U7">
      <value>LP5907MFX-3.3</value>
      <footprint>BZ_Standard_IC:SOT-23-5</footprint>
      <libsource lib="BZ_TI" part="LP5907MFX" description=""/>
      <sheetpath names="/" tstamps="/"/>
      <tstamp>60C8440B</tstamp>
    </comp>
    <comp ref="C33">
      <value>1u</value>
      <footprint>BZ_Capacitor:C_0603</footprint>
      <libsource lib="BZ_Passive" part="C" description="Generic Capacitor"/>
      <sheetpath names="/" tstamps="/"/>
      <tstamp>60CE1A6B</tstamp>
    </comp>
    <comp ref="C34">
      <value>DNP</value>
      <footprint>BZ_Capacitor:C_0402</footprint>
      <libsource lib="BZ_Passive" part="C" description="Generic Capacitor"/>
      <sheetpath names="/" tstamps="/"/>
      <tstamp>60D20F62</tstamp>
    </comp>
    <comp ref="C25">
      <value>10u</value>
      <footprint>BZ_Capacitor:C_0603</footprint>
      <fields>
        <field name="PN">GRM188R61A106KE69D </field>
      </fields>
      <libsource lib="BZ_Passive" part="C" description="Generic Capacitor"/>
      <sheetpath names="/" tstamps="/"/>
      <tstamp>60DA30F1</tstamp>
    </comp>
    <comp ref="U3">
      <value>LP5907MFX-3.3</value>
      <footprint>BZ_Standard_IC:SOT-23-5</footprint>
      <libsource lib="BZ_TI" part="LP5907MFX" description=""/>
      <sheetpath names="/" tstamps="/"/>
      <tstamp>60DA30F7</tstamp>
    </comp>
    <comp ref="C23">
      <value>1u</value>
      <footprint>BZ_Capacitor:C_0603</footprint>
      <libsource lib="BZ_Passive" part="C" description="Generic Capacitor"/>
      <sheetpath names="/" tstamps="/"/>
      <tstamp>60DA30FD</tstamp>
    </comp>
    <comp ref="C24">
      <value>DNP</value>
      <footprint>BZ_Capacitor:C_0402</footprint>
      <libsource lib="BZ_Passive" part="C" description="Generic Capacitor"/>
      <sheetpath names="/" tstamps="/"/>
      <tstamp>60DA3104</tstamp>
    </comp>
    <comp ref="R9">
      <value>2.2K</value>
      <footprint>BZ_Resistor:R_0402</footprint>
      <libsource lib="BZ_Passive" part="R" description="Generic Resistor"/>
      <sheetpath names="/" tstamps="/"/>
      <tstamp>60DC4528</tstamp>
    </comp>
    <comp ref="R10">
      <value>2.2K</value>
      <footprint>BZ_Resistor:R_0402</footprint>
      <libsource lib="BZ_Passive" part="R" description="Generic Resistor"/>
      <sheetpath names="/" tstamps="/"/>
      <tstamp>60DC4844</tstamp>
    </comp>
    <comp ref="U2">
      <value>W25QxxJVZP</value>
      <footprint>BZ_Standard_IC:WSON-8-1EP_5x6x1.27P_EP4.3x3.4</footprint>
      <libsource lib="BZ_Memory" part="W25QxxJVZP" description="Serial Flash Memory, Standard/Dual/Quad SPI"/>
      <sheetpath names="/" tstamps="/"/>
      <tstamp>612F46BA</tstamp>
    </comp>
    <comp ref="R13">
      <value>1K</value>
      <footprint>BZ_Resistor:R_0402</footprint>
      <libsource lib="BZ_Passive" part="R" description="Generic Resistor"/>
      <sheetpath names="/" tstamps="/"/>
      <tstamp>60E6FD70</tstamp>
    </comp>
    <comp ref="C14">
      <value>1u</value>
      <footprint>BZ_Capacitor:C_0603</footprint>
      <libsource lib="BZ_Passive" part="C" description="Generic Capacitor"/>
      <sheetpath names="/" tstamps="/"/>
      <tstamp>60DA4AA4</tstamp>
    </comp>
    <comp ref="C10">
      <value>100n</value>
      <footprint>BZ_Capacitor:C_0402</footprint>
      <libsource lib="BZ_Passive" part="C" description="Generic Capacitor"/>
      <sheetpath names="/" tstamps="/"/>
      <tstamp>60701EB6</tstamp>
    </comp>
    <comp ref="U6">
      <value>PIC16F1503-IMG</value>
      <footprint>BZ_Standard_IC:QFN-16-1EP_3x3x0.5P_EP1.1</footprint>
      <datasheet>http://ww1.microchip.com/downloads/en/DeviceDoc/41607A.pdf</datasheet>
      <libsource lib="VGMPlayer" part="PIC16F1503-IMG" description="PIC16F1503, 2048W FLASH, 128B SRAM, QFN-16"/>
      <sheetpath names="/" tstamps="/"/>
      <tstamp>60931BCC</tstamp>
    </comp>
    <comp ref="U1">
      <value>RP2040</value>
      <footprint>BZ_RPi:RP2040</footprint>
      <libsource lib="BZ_RPi" part="RP2040" description=""/>
      <sheetpath names="/" tstamps="/"/>
      <tstamp>606FE98D</tstamp>
    </comp>
    <comp ref="P6">
      <value>CODEC</value>
      <footprint>BZ_Connector:PINHDR-THT-50mil-01x06</footprint>
      <datasheet>~</datasheet>
      <libsource lib="BZ_Connector" part="Conn_01x06" description="Connector, 6-pin"/>
      <sheetpath names="/" tstamps="/"/>
      <tstamp>60AC6E37</tstamp>
    </comp>
    <comp ref="TP1">
      <value>TP</value>
      <footprint>BZ_Misc:TP_THT-Pad-0.8</footprint>
      <libsource lib="BZ_Misc" part="TP" description=""/>
      <sheetpath names="/" tstamps="/"/>
      <tstamp>60BC7B96</tstamp>
    </comp>
    <comp ref="C4">
      <value>22p</value>
      <footprint>BZ_Capacitor:C_0402</footprint>
      <libsource lib="BZ_Passive" part="C" description="Generic Capacitor"/>
      <sheetpath names="/" tstamps="/"/>
      <tstamp>6053E994</tstamp>
    </comp>
    <comp ref="P2">
      <value>SWD</value>
      <footprint>BZ_Connector:PINHDR-THT-50mil-02x05</footprint>
      <datasheet>~</datasheet>
      <libsource lib="BZ_Connector" part="Conn_02x05" description="Generic connector, double row, 02x05, odd/even pin numbering scheme (row 1 odd numbers, row 2 even numbers)"/>
      <sheetpath names="/" tstamps="/"/>
      <tstamp>60C548EE</tstamp>
    </comp>
    <comp ref="S2">
      <value>R</value>
      <footprint>BZ_Switch:C&amp;K_PTS525</footprint>
      <libsource lib="BZ_Switch" part="PB-SPST-NO_2P" description="Push Button Normally Open SPST 2 Pin"/>
      <sheetpath names="/" tstamps="/"/>
      <tstamp>60860BE8</tstamp>
    </comp>
    <comp ref="S6">
      <value>RESET</value>
      <footprint>BZ_Switch:SW-PUSH_3x2x0.6H</footprint>
      <libsource lib="BZ_Switch" part="PB-SPST-NO_2P" description="Push Button Normally Open SPST 2 Pin"/>
      <sheetpath names="/" tstamps="/"/>
      <tstamp>613792FF</tstamp>
    </comp>
    <comp ref="TP2">
      <value>TP</value>
      <footprint>BZ_Misc:TP_THT-Pad-0.8</footprint>
      <libsource lib="BZ_Misc" part="TP" description=""/>
      <sheetpath names="/" tstamps="/"/>
      <tstamp>6150793C</tstamp>
    </comp>
    <comp ref="TP3">
      <value>TP</value>
      <footprint>BZ_Misc:TP_THT-Pad-0.8</footprint>
      <libsource lib="BZ_Misc" part="TP" description=""/>
      <sheetpath names="/" tstamps="/"/>
      <tstamp>61507D48</tstamp>
    </comp>
    <comp ref="U5">
      <value>MCP73831-OT</value>
      <footprint>BZ_Standard_IC:SOT-23-5</footprint>
      <libsource lib="BZ_Microchip" part="MCP73831-OT" description=""/>
      <sheetpath names="/" tstamps="/"/>
      <tstamp>615B852D</tstamp>
    </comp>
    <comp ref="M1">
      <value>Mechanical-NC</value>
      <footprint>BZ_Mechanical:Hole-Mech_0.5</footprint>
      <libsource lib="BZ_Misc" part="Mechanical-NC" description=""/>
      <sheetpath names="/" tstamps="/"/>
      <tstamp>61666DF3</tstamp>
    </comp>
    <comp ref="R26">
      <value>1K</value>
      <footprint>BZ_Resistor:R_0402</footprint>
      <libsource lib="BZ_Passive" part="R" description="Generic Resistor"/>
      <sheetpath names="/" tstamps="/"/>
      <tstamp>617ED1F4</tstamp>
    </comp>
    <comp ref="R25">
      <value>1K</value>
      <footprint>BZ_Resistor:R_0402</footprint>
      <libsource lib="BZ_Passive" part="R" description="Generic Resistor"/>
      <sheetpath names="/" tstamps="/"/>
      <tstamp>617EC5DC</tstamp>
    </comp>
    <comp ref="P3">
      <value>BATT</value>
      <footprint>BZ_Connector:MLX_PicoBlade-Horz-01x02-1.25P</footprint>
      <datasheet>~</datasheet>
      <libsource lib="BZ_Connector" part="Conn_01x02" description="Connector, 2-pin"/>
      <sheetpath names="/" tstamps="/"/>
      <tstamp>60C059FA</tstamp>
    </comp>
    <comp ref="Q1">
      <value>AO3401A</value>
      <footprint>BZ_Standard_IC:SOT-23-3</footprint>
      <libsource lib="BZ_FET" part="MOS_P_GSD" description="P Channel MOSFET 1-G 2-S 3-D"/>
      <sheetpath names="/" tstamps="/"/>
      <tstamp>60C2CF9F</tstamp>
    </comp>
    <comp ref="R19">
      <value>10K</value>
      <footprint>BZ_Resistor:R_0402</footprint>
      <libsource lib="BZ_Passive" part="R" description="Generic Resistor"/>
      <sheetpath names="/" tstamps="/"/>
      <tstamp>60CD9393</tstamp>
    </comp>
    <comp ref="D2">
      <value>B0540WS</value>
      <footprint>BZ_Diode:D_SOD-323</footprint>
      <libsource lib="BZ_Diode" part="Schottky" description="Schottky Diode"/>
      <sheetpath names="/" tstamps="/"/>
      <tstamp>60EA258D</tstamp>
    </comp>
    <comp ref="R23">
      <value>100K</value>
      <footprint>BZ_Resistor:R_0402</footprint>
      <libsource lib="BZ_Passive" part="R" description="Generic Resistor"/>
      <sheetpath names="/" tstamps="/"/>
      <tstamp>619ABCAF</tstamp>
    </comp>
    <comp ref="R24">
      <value>1M5</value>
      <footprint>BZ_Resistor:R_0402</footprint>
      <libsource lib="BZ_Passive" part="R" description="Generic Resistor"/>
      <sheetpath names="/" tstamps="/"/>
      <tstamp>619ABEEA</tstamp>
    </comp>
    <comp ref="S4">
      <value>D</value>
      <footprint>BZ_Switch:C&amp;K_PTS525</footprint>
      <libsource lib="BZ_Switch" part="PB-SPST-NO_2P" description="Push Button Normally Open SPST 2 Pin"/>
      <sheetpath names="/" tstamps="/"/>
      <tstamp>61B88515</tstamp>
    </comp>
    <comp ref="C36">
      <value>100n</value>
      <footprint>BZ_Capacitor:C_0402</footprint>
      <libsource lib="BZ_Passive" part="C" description="Generic Capacitor"/>
      <sheetpath names="/" tstamps="/"/>
      <tstamp>61DE0DE1</tstamp>
    </comp>
    <comp ref="R18">
      <value>5.1K</value>
      <footprint>BZ_Resistor:R_0402</footprint>
      <libsource lib="BZ_Passive" part="R" description="Generic Resistor"/>
      <sheetpath names="/" tstamps="/"/>
      <tstamp>6141459E</tstamp>
    </comp>
  </components>
  <libparts>
    <libpart lib="BZ_CirrusLogic" part="WM8978">
      <description>Stereo CODEC with speaker driver</description>
      <footprints>
        <fp>QFN-32-1EP_5x5x0.5P_EP3.45</fp>
      </footprints>
      <fields>
        <field name="Reference">U</field>
        <field name="Value">WM8978</field>
      </fields>
      <pins>
        <pin num="1" name="LIP" type="input"/>
        <pin num="2" name="LIN" type="input"/>
        <pin num="3" name="L2/GPIO2" type="output"/>
        <pin num="4" name="RIP" type="input"/>
        <pin num="5" name="RIN" type="input"/>
        <pin num="6" name="R2/GPIO3" type="input"/>
        <pin num="7" name="LRC" type="BiDi"/>
        <pin num="8" name="BCLK" type="BiDi"/>
        <pin num="9" name="ADCDAT" type="output"/>
        <pin num="10" name="DACDAT" type="input"/>
        <pin num="11" name="MCLK" type="input"/>
        <pin num="12" name="DGND" type="power_in"/>
        <pin num="13" name="DVCDD" type="power_in"/>
        <pin num="14" name="DBVDD" type="power_in"/>
        <pin num="15" name="CSB/GPIO1" type="BiDi"/>
        <pin num="16" name="SCLK" type="input"/>
        <pin num="17" name="SDIN" type="BiDi"/>
        <pin num="18" name="MODE" type="input"/>
        <pin num="19" name="AUXL" type="input"/>
        <pin num="20" name="AUXR" type="input"/>
        <pin num="21" name="OUT4" type="output"/>
        <pin num="22" name="OUT3" type="output"/>
        <pin num="23" name="ROUT2" type="output"/>
        <pin num="24" name="SPKGND" type="power_in"/>
        <pin num="25" name="LOUT2" type="output"/>
        <pin num="26" name="SPKVDD" type="power_in"/>
        <pin num="27" name="VMID" type="passive"/>
        <pin num="28" name="AGND" type="power_in"/>
        <pin num="29" name="ROUT1" type="output"/>
        <pin num="30" name="LOUT1" type="output"/>
        <pin num="31" name="AVDD" type="power_in"/>
        <pin num="32" name="MICBIAS" type="output"/>
        <pin num="33" name="GNDPAD" type="power_in"/>
      </pins>
    </libpart>
    <libpart lib="BZ_Connector" part="AudioJack-TRS-SwitchTS">
      <description>Audio Jack, T R 2S Switch on T S</description>
      <docs>~</docs>
      <footprints>
        <fp>Jack*</fp>
      </footprints>
      <fields>
        <field name="Reference">J</field>
        <field name="Value">AudioJack-TRS-SwitchTS</field>
      </fields>
      <pins>
        <pin num="R" name="~" type="passive"/>
        <pin num="S" name="~" type="passive"/>
        <pin num="SNO" name="~" type="passive"/>
        <pin num="T" name="~" type="passive"/>
        <pin num="TNC" name="~" type="passive"/>
      </pins>
    </libpart>
    <libpart lib="BZ_Connector" part="Conn_01x02">
      <description>Connector, 2-pin</description>
      <docs>~</docs>
      <footprints>
        <fp>*01x02*</fp>
      </footprints>
      <fields>
        <field name="Reference">P</field>
        <field name="Value">Conn_01x02</field>
      </fields>
      <pins>
        <pin num="1" name="Pin_1" type="passive"/>
        <pin num="2" name="Pin_2" type="passive"/>
      </pins>
    </libpart>
    <libpart lib="BZ_Connector" part="Conn_01x06">
      <description>Connector, 6-pin</description>
      <docs>~</docs>
      <footprints>
        <fp>*01x06*</fp>
      </footprints>
      <fields>
        <field name="Reference">P</field>
        <field name="Value">Conn_01x06</field>
      </fields>
      <pins>
        <pin num="1" name="Pin_1" type="passive"/>
        <pin num="2" name="Pin_2" type="passive"/>
        <pin num="3" name="Pin_3" type="passive"/>
        <pin num="4" name="Pin_4" type="passive"/>
        <pin num="5" name="Pin_5" type="passive"/>
        <pin num="6" name="Pin_6" type="passive"/>
      </pins>
    </libpart>
    <libpart lib="BZ_Connector" part="Conn_02x05">
      <description>Generic connector, double row, 02x05, odd/even pin numbering scheme (row 1 odd numbers, row 2 even numbers)</description>
      <docs>~</docs>
      <footprints>
        <fp>*02x05*</fp>
      </footprints>
      <fields>
        <field name="Reference">P</field>
        <field name="Value">Conn_02x05</field>
      </fields>
      <pins>
        <pin num="1" name="Pin_1" type="passive"/>
        <pin num="2" name="Pin_2" type="passive"/>
        <pin num="3" name="Pin_3" type="passive"/>
        <pin num="4" name="Pin_4" type="passive"/>
        <pin num="5" name="Pin_5" type="passive"/>
        <pin num="6" name="Pin_6" type="passive"/>
        <pin num="7" name="Pin_7" type="passive"/>
        <pin num="8" name="Pin_8" type="passive"/>
        <pin num="9" name="Pin_9" type="passive"/>
        <pin num="10" name="Pin_10" type="passive"/>
      </pins>
    </libpart>
    <libpart lib="BZ_Connector" part="Micro_SD_Card">
      <description>Micro SD Card Socket</description>
      <docs>http://katalog.we-online.de/em/datasheet/693072010801.pdf</docs>
      <footprints>
        <fp>microSD*</fp>
      </footprints>
      <fields>
        <field name="Reference">J</field>
        <field name="Value">Micro_SD_Card</field>
      </fields>
      <pins>
        <pin num="1" name="DAT2" type="BiDi"/>
        <pin num="2" name="DAT3/CD" type="BiDi"/>
        <pin num="3" name="CMD" type="input"/>
        <pin num="4" name="VDD" type="power_in"/>
        <pin num="5" name="CLK" type="input"/>
        <pin num="6" name="VSS" type="power_in"/>
        <pin num="7" name="DAT0" type="BiDi"/>
        <pin num="8" name="DAT1" type="BiDi"/>
        <pin num="9" name="CD" type="output"/>
        <pin num="S" name="SHIELD" type="passive"/>
      </pins>
    </libpart>
    <libpart lib="BZ_Connector" part="USB_C_Receptacle_16P">
      <description>USB 2.0-only Type-C Receptacle connector</description>
      <docs>https://www.usb.org/sites/default/files/documents/usb_type-c.zip</docs>
      <fields>
        <field name="Reference">J</field>
        <field name="Value">USB_C_Receptacle_16P</field>
      </fields>
      <pins>
        <pin num="A1" name="GND" type="passive"/>
        <pin num="A4" name="VBUS" type="passive"/>
        <pin num="A5" name="CC1" type="BiDi"/>
        <pin num="A6" name="D+" type="BiDi"/>
        <pin num="A7" name="D-" type="BiDi"/>
        <pin num="A8" name="SBU1" type="BiDi"/>
        <pin num="A9" name="VBUS" type="passive"/>
        <pin num="A12" name="GND" type="passive"/>
        <pin num="B1" name="GND" type="passive"/>
        <pin num="B4" name="VBUS" type="passive"/>
        <pin num="B5" name="CC2" type="BiDi"/>
        <pin num="B6" name="D+" type="BiDi"/>
        <pin num="B7" name="D-" type="BiDi"/>
        <pin num="B8" name="SBU2" type="BiDi"/>
        <pin num="B9" name="VBUS" type="passive"/>
        <pin num="B12" name="GND" type="passive"/>
        <pin num="S1" name="SHIELD" type="passive"/>
        <pin num="S2" name="SHIELD" type="passive"/>
        <pin num="S3" name="SHIELD" type="passive"/>
        <pin num="S4" name="SHIELD" type="passive"/>
      </pins>
    </libpart>
    <libpart lib="BZ_Diode" part="LED">
      <description>LED</description>
      <footprints>
        <fp>D_LED*</fp>
      </footprints>
      <fields>
        <field name="Reference">D</field>
        <field name="Value">LED</field>
      </fields>
      <pins>
        <pin num="A" name="A" type="passive"/>
        <pin num="K" name="K" type="passive"/>
      </pins>
    </libpart>
    <libpart lib="BZ_Diode" part="Schottky">
      <description>Schottky Diode</description>
      <footprints>
        <fp>D_*</fp>
      </footprints>
      <fields>
        <field name="Reference">D</field>
        <field name="Value">Schottky</field>
      </fields>
      <pins>
        <pin num="A" name="A" type="passive"/>
        <pin num="K" name="K" type="passive"/>
      </pins>
    </libpart>
    <libpart lib="BZ_Display" part="IPS_ZJY154T-PG04">
      <description>IPS Panel 1.54inch 240x240</description>
      <footprints>
        <fp>*LH133T-IG01*</fp>
        <fp>*ZJY133T-IG01*</fp>
      </footprints>
      <fields>
        <field name="Reference">M</field>
        <field name="Value">IPS_ZJY154T-PG04</field>
      </fields>
      <pins>
        <pin num="1" name="GND" type="power_in"/>
        <pin num="2" name="LEDK" type="output"/>
        <pin num="3" name="LEDA" type="power_in"/>
        <pin num="4" name="VDD" type="power_in"/>
        <pin num="5" name="GND" type="power_in"/>
        <pin num="6" name="GND" type="power_in"/>
        <pin num="7" name="D/C" type="input"/>
        <pin num="8" name="CS" type="BiDi"/>
        <pin num="9" name="SCL" type="input"/>
        <pin num="10" name="SDA" type="input"/>
        <pin num="11" name="RESET" type="input"/>
        <pin num="12" name="GND" type="power_in"/>
      </pins>
    </libpart>
    <libpart lib="BZ_FET" part="MOS_N_GSD">
      <description>N Channel MOSFET 1-G 2-S 3-D</description>
      <fields>
        <field name="Reference">Q</field>
        <field name="Value">MOS_N_GSD</field>
      </fields>
      <pins>
        <pin num="1" name="G" type="input"/>
        <pin num="2" name="S" type="passive"/>
        <pin num="3" name="D" type="passive"/>
      </pins>
    </libpart>
    <libpart lib="BZ_FET" part="MOS_P_GSD">
      <description>P Channel MOSFET 1-G 2-S 3-D</description>
      <fields>
        <field name="Reference">Q</field>
        <field name="Value">MOS_P_GSD</field>
      </fields>
      <pins>
        <pin num="1" name="G" type="input"/>
        <pin num="2" name="S" type="passive"/>
        <pin num="3" name="D" type="passive"/>
      </pins>
    </libpart>
    <libpart lib="BZ_Memory" part="W25QxxJVZP">
      <description>Serial Flash Memory, Standard/Dual/Quad SPI</description>
      <footprints>
        <fp>WSON-8-1EP_5x6x1.27P_EP4.3x3.4</fp>
      </footprints>
      <fields>
        <field name="Reference">U</field>
        <field name="Value">W25QxxJVZP</field>
      </fields>
      <pins>
        <pin num="1" name="~CS" type="input"/>
        <pin num="2" name="DO(D1)" type="BiDi"/>
        <pin num="3" name="~WP~(D2)" type="BiDi"/>
        <pin num="4" name="GND" type="power_in"/>
        <pin num="5" name="DI(D0)" type="BiDi"/>
        <pin num="6" name="CLK" type="input"/>
        <pin num="7" name="~HOLD~(D3)" type="BiDi"/>
        <pin num="8" name="VCC" type="power_in"/>
        <pin num="9" name="EP" type="passive"/>
      </pins>
    </libpart>
    <libpart lib="BZ_Microchip" part="MCP73831-OT">
      <aliases>
        <alias>MCP73832-OT</alias>
      </aliases>
      <footprints>
        <fp>SOT-23-5</fp>
      </footprints>
      <fields>
        <field name="Reference">U</field>
        <field name="Value">MCP73831-OT</field>
      </fields>
      <pins>
        <pin num="1" name="STAT" type="openCol"/>
        <pin num="2" name="VSS" type="power_in"/>
        <pin num="3" name="VBAT" type="power_out"/>
        <pin num="4" name="VDD" type="power_in"/>
        <pin num="5" name="PROG" type="passive"/>
      </pins>
    </libpart>
    <libpart lib="BZ_Misc" part="Mechanical-NC">
      <fields>
        <field name="Reference">M</field>
        <field name="Value">Mechanical-NC</field>
      </fields>
    </libpart>
    <libpart lib="BZ_Misc" part="Speaker">
      <fields>
        <field name="Reference">SP</field>
        <field name="Value">Speaker</field>
      </fields>
      <pins>
        <pin num="1" name="~" type="passive"/>
        <pin num="2" name="~" type="passive"/>
      </pins>
    </libpart>
    <libpart lib="BZ_Misc" part="TP">
      <fields>
        <field name="Reference">TP</field>
        <field name="Value">TP</field>
      </fields>
      <pins>
        <pin num="1" name="~" type="passive"/>
      </pins>
    </libpart>
    <libpart lib="BZ_Passive" part="C">
      <description>Generic Capacitor</description>
      <footprints>
        <fp>C_*</fp>
      </footprints>
      <fields>
        <field name="Reference">C</field>
        <field name="Value">C</field>
      </fields>
      <pins>
        <pin num="1" name="~" type="passive"/>
        <pin num="2" name="~" type="passive"/>
      </pins>
    </libpart>
    <libpart lib="BZ_Passive" part="CP">
      <description>Generic Polarized Capacitor</description>
      <footprints>
        <fp>CP_*</fp>
      </footprints>
      <fields>
        <field name="Reference">C</field>
        <field name="Value">CP</field>
      </fields>
      <pins>
        <pin num="1" name="~" type="passive"/>
        <pin num="2" name="~" type="passive"/>
      </pins>
    </libpart>
    <libpart lib="BZ_Passive" part="FB">
      <description>Ferrite Bead</description>
      <footprints>
        <fp>L_*</fp>
        <fp>L_*</fp>
      </footprints>
      <fields>
        <field name="Reference">FB</field>
        <field name="Value">FB</field>
      </fields>
      <pins>
        <pin num="1" name="~" type="passive"/>
        <pin num="2" name="~" type="passive"/>
      </pins>
    </libpart>
    <libpart lib="BZ_Passive" part="R">
      <description>Generic Resistor</description>
      <footprints>
        <fp>R_*</fp>
        <fp>R_*</fp>
      </footprints>
      <fields>
        <field name="Reference">R</field>
        <field name="Value">R</field>
      </fields>
      <pins>
        <pin num="1" name="~" type="passive"/>
        <pin num="2" name="~" type="passive"/>
      </pins>
    </libpart>
    <libpart lib="BZ_Passive" part="XTAL_4P">
      <description>Cystal Oscillator 4P</description>
      <footprints>
        <fp>XTAL_*</fp>
      </footprints>
      <fields>
        <field name="Reference">Y</field>
        <field name="Value">XTAL_4P</field>
      </fields>
      <pins>
        <pin num="1" name="OSC1" type="passive"/>
        <pin num="3" name="OSC2" type="passive"/>
      </pins>
    </libpart>
    <libpart lib="BZ_RPi" part="RP2040">
      <footprints>
        <fp>*RP2040*</fp>
      </footprints>
      <fields>
        <field name="Reference">U</field>
        <field name="Value">RP2040</field>
      </fields>
      <pins>
        <pin num="1" name="IOVDD" type="power_in"/>
        <pin num="2" name="GPIO0" type="BiDi"/>
        <pin num="3" name="GPIO1" type="BiDi"/>
        <pin num="4" name="GPIO2" type="BiDi"/>
        <pin num="5" name="GPIO3" type="BiDi"/>
        <pin num="6" name="GPIO4" type="BiDi"/>
        <pin num="7" name="GPIO5" type="BiDi"/>
        <pin num="8" name="GPIO6" type="BiDi"/>
        <pin num="9" name="GPIO7" type="BiDi"/>
        <pin num="10" name="IOVDD" type="power_in"/>
        <pin num="11" name="GPIO8" type="BiDi"/>
        <pin num="12" name="GPIO9" type="BiDi"/>
        <pin num="13" name="GPIO10" type="BiDi"/>
        <pin num="14" name="GPIO11" type="BiDi"/>
        <pin num="15" name="GPIO12" type="BiDi"/>
        <pin num="16" name="GPIO13" type="BiDi"/>
        <pin num="17" name="GPIO14" type="BiDi"/>
        <pin num="18" name="GPIO15" type="BiDi"/>
        <pin num="19" name="TESTEN" type="passive"/>
        <pin num="20" name="XIN" type="input"/>
        <pin num="21" name="XOUT" type="passive"/>
        <pin num="22" name="IOVDD" type="power_in"/>
        <pin num="23" name="DVDD" type="power_in"/>
        <pin num="24" name="SWCLK" type="input"/>
        <pin num="25" name="SWD" type="BiDi"/>
        <pin num="26" name="RUN" type="input"/>
        <pin num="27" name="GPIO16" type="BiDi"/>
        <pin num="28" name="GPIO17" type="BiDi"/>
        <pin num="29" name="GPIO18" type="BiDi"/>
        <pin num="30" name="GPIO19" type="BiDi"/>
        <pin num="31" name="GPIO20" type="BiDi"/>
        <pin num="32" name="GPIO21" type="BiDi"/>
        <pin num="33" name="IOVDD" type="power_in"/>
        <pin num="34" name="GPIO22" type="BiDi"/>
        <pin num="35" name="GPIO23" type="BiDi"/>
        <pin num="36" name="GPIO24" type="BiDi"/>
        <pin num="37" name="GPIO25" type="BiDi"/>
        <pin num="38" name="GPIO26_ADC0" type="BiDi"/>
        <pin num="39" name="GPIO27_ADC1" type="BiDi"/>
        <pin num="40" name="GPIO28_ADC2" type="BiDi"/>
        <pin num="41" name="GPIO29_ADC3" type="BiDi"/>
        <pin num="42" name="IOVDD" type="power_in"/>
        <pin num="43" name="ADC_AVDD" type="power_in"/>
        <pin num="44" name="VREG_IN" type="power_in"/>
        <pin num="45" name="VREG_VOUT" type="power_out"/>
        <pin num="46" name="USB_DM" type="BiDi"/>
        <pin num="47" name="USB_DP" type="BiDi"/>
        <pin num="48" name="USB_VDD" type="power_in"/>
        <pin num="49" name="IOVDD" type="power_in"/>
        <pin num="50" name="DVDD" type="power_in"/>
        <pin num="51" name="QSPI_SD3" type="BiDi"/>
        <pin num="52" name="QSPI_SCLK" type="output"/>
        <pin num="53" name="QSPI_SD0" type="BiDi"/>
        <pin num="54" name="QSPI_SD2" type="BiDi"/>
        <pin num="55" name="QSPI_SD1" type="BiDi"/>
        <pin num="56" name="QSPI_SS" type="BiDi"/>
        <pin num="57" name="GND" type="power_in"/>
      </pins>
    </libpart>
    <libpart lib="BZ_Switch" part="PB-SPST-NO_2P">
      <description>Push Button Normally Open SPST 2 Pin</description>
      <fields>
        <field name="Reference">S</field>
        <field name="Value">PB-SPST-NO_2P</field>
      </fields>
      <pins>
        <pin num="1" name="~" type="passive"/>
        <pin num="2" name="~" type="passive"/>
      </pins>
    </libpart>
    <libpart lib="BZ_TI" part="LP5907MFX">
      <footprints>
        <fp>*SOT-23-5*</fp>
      </footprints>
      <fields>
        <field name="Reference">U</field>
        <field name="Value">LP5907MFX</field>
      </fields>
      <pins>
        <pin num="1" name="IN" type="power_in"/>
        <pin num="2" name="GND" type="power_in"/>
        <pin num="3" name="EN" type="input"/>
        <pin num="4" name="NC" type="passive"/>
        <pin num="5" name="OUT" type="power_out"/>
      </pins>
    </libpart>
    <libpart lib="VGMPlayer" part="PIC16F1503-IMG">
      <description>PIC16F1503, 2048W FLASH, 128B SRAM, QFN-16</description>
      <docs>http://ww1.microchip.com/downloads/en/DeviceDoc/41607A.pdf</docs>
      <footprints>
        <fp>*QFN-16*</fp>
      </footprints>
      <fields>
        <field name="Reference">U</field>
        <field name="Value">PIC16F1503-IMG</field>
      </fields>
      <pins>
        <pin num="1" name="RA5" type="BiDi"/>
        <pin num="2" name="RA4" type="BiDi"/>
        <pin num="3" name="RA3/~MCLR" type="input"/>
        <pin num="4" name="RC5" type="output"/>
        <pin num="5" name="RC4" type="output"/>
        <pin num="6" name="RC3/AN7" type="input"/>
        <pin num="7" name="RC2" type="output"/>
        <pin num="8" name="SDA/RC1" type="BiDi"/>
        <pin num="9" name="SCL/RC0" type="input"/>
        <pin num="10" name="RA2" type="BiDi"/>
        <pin num="11" name="RA1/ICSPCLK" type="BiDi"/>
        <pin num="12" name="RA0/ICSPDAT" type="BiDi"/>
        <pin num="13" name="VSS" type="power_in"/>
        <pin num="16" name="VDD" type="power_in"/>
        <pin num="17" name="EP" type="power_in"/>
      </pins>
    </libpart>
  </libparts>
  <libraries>
    <library logical="BZ_CirrusLogic">
      <uri>D:\Workspace\KiCad\library/CirrusLogic.lib</uri>
    </library>
    <library logical="BZ_Connector">
      <uri>D:\Workspace\KiCad\library/Connector.lib</uri>
    </library>
    <library logical="BZ_Diode">
      <uri>D:\Workspace\KiCad\library/Diode.lib</uri>
    </library>
    <library logical="BZ_Display">
      <uri>D:\Workspace\KiCad\library/Display.lib</uri>
    </library>
    <library logical="BZ_FET">
      <uri>D:\Workspace\KiCad\library/FET.lib</uri>
    </library>
    <library logical="BZ_Memory">
      <uri>D:\Workspace\KiCad\library/Memory.lib</uri>
    </library>
    <library logical="BZ_Microchip">
      <uri>D:\Workspace\KiCad\library/Microchip.lib</uri>
    </library>
    <library logical="BZ_Misc">
      <uri>D:\Workspace\KiCad\library/Misc.lib</uri>
    </library>
    <library logical="BZ_Passive">
      <uri>D:\Workspace\KiCad\library/Passive.lib</uri>
    </library>
    <library logical="BZ_RPi">
      <uri>D:\Workspace\KiCad\library/RPi.lib</uri>
    </library>
    <library logical="BZ_Switch">
      <uri>D:\Workspace\KiCad\library/Switch.lib</uri>
    </library>
    <library logical="BZ_TI">
      <uri>D:\Workspace\KiCad\library/TI.lib</uri>
    </library>
    <library logical="VGMPlayer">
      <uri>D:\Proj\VGMPlayer\hw/VGMPlayer.lib</uri>
    </library>
  </libraries>
  <nets>
    <net code="1" name="GND">
      <node ref="R18" pin="2"/>
      <node ref="C31" pin="2"/>
      <node ref="C35" pin="2"/>
      <node ref="U1" pin="57"/>
      <node ref="U4" pin="18"/>
      <node ref="U4" pin="12"/>
      <node ref="S4" pin="1"/>
      <node ref="P2" pin="9"/>
      <node ref="C36" pin="2"/>
      <node ref="S2" pin="1"/>
      <node ref="U4" pin="33"/>
      <node ref="U4" pin="28"/>
      <node ref="U4" pin="24"/>
      <node ref="C32" pin="1"/>
      <node ref="P5" pin="3"/>
      <node ref="D3" pin="K"/>
      <node ref="R24" pin="2"/>
      <node ref="P3" pin="2"/>
      <node ref="R11" pin="2"/>
      <node ref="C21" pin="2"/>
      <node ref="C22" pin="2"/>
      <node ref="C18" pin="2"/>
      <node ref="C19" pin="2"/>
      <node ref="C15" pin="2"/>
      <node ref="C17" pin="2"/>
      <node ref="C33" pin="2"/>
      <node ref="TP3" pin="1"/>
      <node ref="C1" pin="2"/>
      <node ref="R19" pin="2"/>
      <node ref="U5" pin="2"/>
      <node ref="C8" pin="2"/>
      <node ref="C9" pin="2"/>
      <node ref="C2" pin="2"/>
      <node ref="C3" pin="2"/>
      <node ref="C5" pin="2"/>
      <node ref="R2" pin="1"/>
      <node ref="R1" pin="1"/>
      <node ref="C12" pin="2"/>
      <node ref="U1" pin="19"/>
      <node ref="C11" pin="2"/>
      <node ref="U6" pin="13"/>
      <node ref="U6" pin="17"/>
      <node ref="C13" pin="2"/>
      <node ref="DISP1" pin="5"/>
      <node ref="C6" pin="2"/>
      <node ref="C7" pin="2"/>
      <node ref="C16" pin="2"/>
      <node ref="DISP1" pin="12"/>
      <node ref="TP1" pin="1"/>
      <node ref="DISP1" pin="6"/>
      <node ref="S6" pin="1"/>
      <node ref="DISP1" pin="1"/>
      <node ref="P2" pin="3"/>
      <node ref="Q4" pin="2"/>
      <node ref="C4" pin="2"/>
      <node ref="C30" pin="2"/>
      <node ref="P1" pin="B1"/>
      <node ref="P1" pin="B12"/>
      <node ref="J2" pin="S"/>
      <node ref="C24" pin="2"/>
      <node ref="C23" pin="2"/>
      <node ref="J2" pin="SNO"/>
      <node ref="R14" pin="2"/>
      <node ref="R16" pin="2"/>
      <node ref="Q3" pin="2"/>
      <node ref="C10" pin="2"/>
      <node ref="U2" pin="4"/>
      <node ref="S1" pin="1"/>
      <node ref="C27" pin="2"/>
      <node ref="S3" pin="1"/>
      <node ref="C26" pin="2"/>
      <node ref="J1" pin="S"/>
      <node ref="S5" pin="1"/>
      <node ref="U7" pin="2"/>
      <node ref="C20" pin="2"/>
      <node ref="C34" pin="2"/>
      <node ref="U2" pin="9"/>
      <node ref="U3" pin="2"/>
      <node ref="P1" pin="A1"/>
      <node ref="C25" pin="2"/>
      <node ref="P1" pin="A12"/>
      <node ref="J1" pin="6"/>
    </net>
    <net code="2" name="3V3">
      <node ref="DISP1" pin="3"/>
      <node ref="C1" pin="1"/>
      <node ref="U4" pin="14"/>
      <node ref="U1" pin="33"/>
      <node ref="DISP1" pin="4"/>
      <node ref="P2" pin="1"/>
      <node ref="C13" pin="1"/>
      <node ref="U1" pin="10"/>
      <node ref="U1" pin="1"/>
      <node ref="U1" pin="42"/>
      <node ref="C11" pin="1"/>
      <node ref="U1" pin="22"/>
      <node ref="U1" pin="49"/>
      <node ref="U1" pin="48"/>
      <node ref="C10" pin="1"/>
      <node ref="R3" pin="2"/>
      <node ref="U2" pin="8"/>
      <node ref="C12" pin="1"/>
      <node ref="U1" pin="44"/>
      <node ref="U1" pin="43"/>
      <node ref="C8" pin="1"/>
      <node ref="J1" pin="4"/>
      <node ref="C16" pin="1"/>
      <node ref="R9" pin="1"/>
      <node ref="R10" pin="1"/>
      <node ref="C9" pin="1"/>
      <node ref="C17" pin="1"/>
      <node ref="R17" pin="1"/>
      <node ref="C15" pin="1"/>
      <node ref="C35" pin="1"/>
      <node ref="R6" pin="2"/>
      <node ref="C18" pin="1"/>
      <node ref="U7" pin="5"/>
      <node ref="U4" pin="13"/>
    </net>
    <net code="3" name="/RUN">
      <node ref="P2" pin="10"/>
      <node ref="U1" pin="26"/>
      <node ref="R6" pin="1"/>
    </net>
    <net code="4" name="/LCD_CS">
      <node ref="U1" pin="6"/>
      <node ref="DISP1" pin="8"/>
    </net>
    <net code="5" name="/MOSI">
      <node ref="DISP1" pin="9"/>
      <node ref="U1" pin="9"/>
    </net>
    <net code="6" name="/SCLK">
      <node ref="DISP1" pin="10"/>
      <node ref="U1" pin="8"/>
    </net>
    <net code="7" name="/LCD_RES">
      <node ref="DISP1" pin="11"/>
      <node ref="U1" pin="7"/>
    </net>
    <net code="8" name="Net-(U4-Pad9)">
      <node ref="U4" pin="9"/>
    </net>
    <net code="9" name="Net-(C24-Pad1)">
      <node ref="C24" pin="1"/>
      <node ref="U3" pin="4"/>
    </net>
    <net code="10" name="VDDA">
      <node ref="C20" pin="1"/>
      <node ref="U4" pin="31"/>
      <node ref="U3" pin="5"/>
      <node ref="C19" pin="1"/>
      <node ref="C25" pin="1"/>
    </net>
    <net code="11" name="/LCD_DC">
      <node ref="DISP1" pin="7"/>
      <node ref="U1" pin="5"/>
    </net>
    <net code="12" name="Net-(U4-Pad6)">
      <node ref="U4" pin="6"/>
    </net>
    <net code="13" name="VIN">
      <node ref="C33" pin="1"/>
      <node ref="U7" pin="3"/>
      <node ref="U7" pin="1"/>
      <node ref="FB1" pin="2"/>
      <node ref="Q2" pin="3"/>
    </net>
    <net code="14" name="Net-(U4-Pad32)">
      <node ref="U4" pin="32"/>
    </net>
    <net code="15" name="Net-(U4-Pad15)">
      <node ref="U4" pin="15"/>
    </net>
    <net code="16" name="Net-(U4-Pad20)">
      <node ref="U4" pin="20"/>
    </net>
    <net code="17" name="Net-(U4-Pad5)">
      <node ref="U4" pin="5"/>
    </net>
    <net code="18" name="Net-(U4-Pad4)">
      <node ref="U4" pin="4"/>
    </net>
    <net code="19" name="Net-(U4-Pad2)">
      <node ref="U4" pin="2"/>
    </net>
    <net code="20" name="Net-(U4-Pad1)">
      <node ref="U4" pin="1"/>
    </net>
    <net code="21" name="Net-(U4-Pad21)">
      <node ref="U4" pin="21"/>
    </net>
    <net code="22" name="Net-(U4-Pad22)">
      <node ref="U4" pin="22"/>
    </net>
    <net code="23" name="Net-(U1-Pad29)">
      <node ref="U1" pin="29"/>
    </net>
    <net code="24" name="Net-(U1-Pad30)">
      <node ref="U1" pin="30"/>
    </net>
    <net code="25" name="Net-(U1-Pad41)">
      <node ref="U1" pin="41"/>
    </net>
    <net code="26" name="Net-(U1-Pad40)">
      <node ref="U1" pin="40"/>
    </net>
    <net code="27" name="Net-(U1-Pad39)">
      <node ref="U1" pin="39"/>
    </net>
    <net code="28" name="/BEEP">
      <node ref="C14" pin="1"/>
      <node ref="U4" pin="19"/>
    </net>
    <net code="29" name="Net-(R13-Pad2)">
      <node ref="U1" pin="31"/>
      <node ref="R13" pin="2"/>
    </net>
    <net code="30" name="Net-(C14-Pad2)">
      <node ref="R13" pin="1"/>
      <node ref="C14" pin="2"/>
    </net>
    <net code="31" name="Net-(U1-Pad38)">
      <node ref="U1" pin="38"/>
    </net>
    <net code="32" name="/LCD_BL">
      <node ref="U1" pin="11"/>
      <node ref="Q4" pin="1"/>
    </net>
    <net code="33" name="VUSB">
      <node ref="P1" pin="A4"/>
      <node ref="C2" pin="1"/>
      <node ref="R19" pin="1"/>
      <node ref="D2" pin="A"/>
      <node ref="U5" pin="4"/>
      <node ref="P1" pin="B9"/>
      <node ref="P1" pin="B4"/>
      <node ref="Q1" pin="1"/>
      <node ref="P1" pin="A9"/>
    </net>
    <net code="34" name="/SD_CD">
      <node ref="U1" pin="12"/>
      <node ref="J1" pin="9"/>
    </net>
    <net code="35" name="Net-(Q4-Pad3)">
      <node ref="R12" pin="2"/>
      <node ref="Q4" pin="3"/>
    </net>
    <net code="36" name="Net-(DISP1-Pad2)">
      <node ref="DISP1" pin="2"/>
      <node ref="R12" pin="1"/>
    </net>
    <net code="37" name="Net-(C28-Pad2)">
      <node ref="R16" pin="1"/>
      <node ref="C28" pin="2"/>
      <node ref="J2" pin="R"/>
    </net>
    <net code="38" name="Net-(C29-Pad2)">
      <node ref="R14" pin="1"/>
      <node ref="J2" pin="T"/>
      <node ref="C29" pin="2"/>
    </net>
    <net code="39" name="Net-(J2-PadTNC)">
      <node ref="R17" pin="2"/>
      <node ref="J2" pin="TNC"/>
      <node ref="R15" pin="1"/>
    </net>
    <net code="40" name="Net-(Q3-Pad1)">
      <node ref="U6" pin="4"/>
      <node ref="Q3" pin="1"/>
    </net>
    <net code="41" name="Net-(R18-Pad1)">
      <node ref="R18" pin="1"/>
      <node ref="U5" pin="5"/>
    </net>
    <net code="42" name="Net-(S5-Pad2)">
      <node ref="S5" pin="2"/>
      <node ref="U6" pin="10"/>
    </net>
    <net code="43" name="Net-(C28-Pad1)">
      <node ref="C28" pin="1"/>
      <node ref="U4" pin="29"/>
    </net>
    <net code="44" name="Net-(C29-Pad1)">
      <node ref="U4" pin="30"/>
      <node ref="C29" pin="1"/>
    </net>
    <net code="45" name="Net-(C34-Pad1)">
      <node ref="U7" pin="4"/>
      <node ref="C34" pin="1"/>
    </net>
    <net code="46" name="Net-(R21-Pad2)">
      <node ref="U6" pin="7"/>
      <node ref="R21" pin="2"/>
    </net>
    <net code="47" name="/TX">
      <node ref="U1" pin="2"/>
      <node ref="R25" pin="2"/>
    </net>
    <net code="48" name="Net-(P2-Pad7)">
      <node ref="P2" pin="7"/>
    </net>
    <net code="49" name="/RX">
      <node ref="U1" pin="3"/>
      <node ref="R26" pin="1"/>
    </net>
    <net code="50" name="Net-(P2-Pad5)">
      <node ref="R25" pin="1"/>
      <node ref="P2" pin="5"/>
    </net>
    <net code="51" name="Net-(P2-Pad8)">
      <node ref="P2" pin="8"/>
      <node ref="R26" pin="2"/>
    </net>
    <net code="52" name="Net-(P2-Pad6)">
      <node ref="P2" pin="6"/>
    </net>
    <net code="53" name="/SWCLK">
      <node ref="U1" pin="24"/>
      <node ref="P2" pin="4"/>
    </net>
    <net code="54" name="/SWDIO">
      <node ref="P2" pin="2"/>
      <node ref="U1" pin="25"/>
    </net>
    <net code="55" name="Net-(U5-Pad1)">
      <node ref="U5" pin="1"/>
    </net>
    <net code="56" name="Net-(S2-Pad2)">
      <node ref="U6" pin="2"/>
      <node ref="S2" pin="2"/>
    </net>
    <net code="57" name="VRAW">
      <node ref="U6" pin="16"/>
      <node ref="C32" pin="2"/>
      <node ref="P5" pin="2"/>
      <node ref="Q1" pin="2"/>
      <node ref="D2" pin="K"/>
      <node ref="Q2" pin="2"/>
      <node ref="R20" pin="1"/>
    </net>
    <net code="58" name="/BATT">
      <node ref="R23" pin="1"/>
      <node ref="Q1" pin="3"/>
      <node ref="P3" pin="1"/>
      <node ref="U5" pin="3"/>
      <node ref="TP2" pin="1"/>
      <node ref="C31" pin="1"/>
    </net>
    <net code="59" name="Net-(D3-PadA)">
      <node ref="R22" pin="2"/>
      <node ref="D3" pin="A"/>
    </net>
    <net code="60" name="Net-(R22-Pad1)">
      <node ref="U6" pin="5"/>
      <node ref="R22" pin="1"/>
    </net>
    <net code="61" name="Net-(C36-Pad1)">
      <node ref="R24" pin="1"/>
      <node ref="U6" pin="6"/>
      <node ref="C36" pin="1"/>
      <node ref="R23" pin="2"/>
    </net>
    <net code="62" name="Net-(S4-Pad2)">
      <node ref="U6" pin="1"/>
      <node ref="S4" pin="2"/>
    </net>
    <net code="63" name="/JACK_DET">
      <node ref="U1" pin="37"/>
      <node ref="R15" pin="2"/>
      <node ref="U4" pin="3"/>
      <node ref="C30" pin="1"/>
    </net>
    <net code="64" name="/SCL">
      <node ref="U1" pin="28"/>
      <node ref="P6" pin="2"/>
      <node ref="U4" pin="16"/>
      <node ref="R10" pin="2"/>
      <node ref="U6" pin="9"/>
    </net>
    <net code="65" name="Net-(U1-Pad55)">
      <node ref="U1" pin="55"/>
      <node ref="U2" pin="2"/>
    </net>
    <net code="66" name="Net-(U1-Pad54)">
      <node ref="U1" pin="54"/>
      <node ref="U2" pin="3"/>
    </net>
    <net code="67" name="Net-(U1-Pad53)">
      <node ref="U1" pin="53"/>
      <node ref="U2" pin="5"/>
    </net>
    <net code="68" name="Net-(U1-Pad52)">
      <node ref="U1" pin="52"/>
      <node ref="U2" pin="6"/>
    </net>
    <net code="69" name="Net-(U1-Pad51)">
      <node ref="U1" pin="51"/>
      <node ref="U2" pin="7"/>
    </net>
    <net code="70" name="/SDA">
      <node ref="U6" pin="8"/>
      <node ref="U4" pin="17"/>
      <node ref="P6" pin="1"/>
      <node ref="U1" pin="27"/>
      <node ref="R9" pin="2"/>
    </net>
    <net code="71" name="Net-(R5-Pad1)">
      <node ref="U1" pin="47"/>
      <node ref="R5" pin="1"/>
    </net>
    <net code="72" name="Net-(R4-Pad1)">
      <node ref="R4" pin="1"/>
      <node ref="U1" pin="46"/>
    </net>
    <net code="73" name="/1V1">
      <node ref="C6" pin="1"/>
      <node ref="C7" pin="1"/>
      <node ref="C5" pin="1"/>
      <node ref="U1" pin="50"/>
      <node ref="U1" pin="45"/>
      <node ref="U1" pin="23"/>
    </net>
    <net code="74" name="Net-(R7-Pad1)">
      <node ref="U1" pin="21"/>
      <node ref="R7" pin="1"/>
    </net>
    <net code="75" name="Net-(P1-PadS1)">
      <node ref="P1" pin="S4"/>
      <node ref="P1" pin="S3"/>
      <node ref="P1" pin="S2"/>
      <node ref="P1" pin="S1"/>
    </net>
    <net code="76" name="/BOOT">
      <node ref="D1" pin="K"/>
      <node ref="Q3" pin="3"/>
      <node ref="U1" pin="4"/>
    </net>
    <net code="77" name="/I2S_BCLK">
      <node ref="P6" pin="4"/>
      <node ref="U1" pin="35"/>
      <node ref="U4" pin="8"/>
    </net>
    <net code="78" name="/I2S_MCLK">
      <node ref="P6" pin="3"/>
      <node ref="U4" pin="11"/>
      <node ref="U1" pin="32"/>
    </net>
    <net code="79" name="/I2S_LRC">
      <node ref="P6" pin="5"/>
      <node ref="U4" pin="7"/>
      <node ref="U1" pin="36"/>
    </net>
    <net code="80" name="Net-(P1-PadA7)">
      <node ref="P1" pin="A7"/>
      <node ref="P1" pin="B7"/>
      <node ref="R4" pin="2"/>
    </net>
    <net code="81" name="Net-(P1-PadA5)">
      <node ref="P1" pin="A5"/>
      <node ref="R1" pin="2"/>
    </net>
    <net code="82" name="Net-(P1-PadB5)">
      <node ref="P1" pin="B5"/>
      <node ref="R2" pin="2"/>
    </net>
    <net code="83" name="Net-(C4-Pad1)">
      <node ref="Y1" pin="3"/>
      <node ref="C4" pin="1"/>
      <node ref="R7" pin="2"/>
    </net>
    <net code="84" name="Net-(C3-Pad1)">
      <node ref="Y1" pin="1"/>
      <node ref="C3" pin="1"/>
      <node ref="U1" pin="20"/>
    </net>
    <net code="85" name="Net-(P1-PadA8)">
      <node ref="P1" pin="A8"/>
    </net>
    <net code="86" name="Net-(P1-PadB8)">
      <node ref="P1" pin="B8"/>
    </net>
    <net code="87" name="Net-(Q2-Pad1)">
      <node ref="R21" pin="1"/>
      <node ref="R20" pin="2"/>
      <node ref="Q2" pin="1"/>
    </net>
    <net code="88" name="Net-(R3-Pad1)">
      <node ref="R3" pin="1"/>
      <node ref="R8" pin="2"/>
      <node ref="U1" pin="56"/>
      <node ref="U2" pin="1"/>
    </net>
    <net code="89" name="/I2S_DATA">
      <node ref="P6" pin="6"/>
      <node ref="U1" pin="34"/>
      <node ref="U4" pin="10"/>
    </net>
    <net code="90" name="Net-(D1-PadA)">
      <node ref="D1" pin="A"/>
      <node ref="R8" pin="1"/>
    </net>
    <net code="91" name="Net-(C26-Pad1)">
      <node ref="C26" pin="1"/>
      <node ref="C27" pin="1"/>
      <node ref="U4" pin="27"/>
    </net>
    <net code="92" name="Net-(C21-Pad1)">
      <node ref="U3" pin="1"/>
      <node ref="C23" pin="1"/>
      <node ref="U3" pin="3"/>
      <node ref="FB1" pin="1"/>
      <node ref="C22" pin="1"/>
      <node ref="U4" pin="26"/>
      <node ref="C21" pin="1"/>
    </net>
    <net code="93" name="Net-(SP1-Pad1)">
      <node ref="SP1" pin="1"/>
      <node ref="U4" pin="25"/>
    </net>
    <net code="94" name="Net-(SP1-Pad2)">
      <node ref="SP1" pin="2"/>
      <node ref="U4" pin="23"/>
    </net>
    <net code="95" name="/ICSPDAT">
      <node ref="S1" pin="2"/>
      <node ref="P5" pin="4"/>
      <node ref="U6" pin="12"/>
    </net>
    <net code="96" name="/ICSPCLK">
      <node ref="P5" pin="5"/>
      <node ref="S3" pin="2"/>
      <node ref="U6" pin="11"/>
    </net>
    <net code="97" name="Net-(P5-Pad6)">
      <node ref="P5" pin="6"/>
    </net>
    <net code="98" name="/VPP">
      <node ref="U6" pin="3"/>
      <node ref="P5" pin="1"/>
      <node ref="S6" pin="2"/>
    </net>
    <net code="99" name="/SD_DAT3">
      <node ref="U1" pin="18"/>
      <node ref="J1" pin="2"/>
    </net>
    <net code="100" name="/SD_DAT0">
      <node ref="U1" pin="15"/>
      <node ref="J1" pin="7"/>
    </net>
    <net code="101" name="/SD_CLK">
      <node ref="R11" pin="1"/>
      <node ref="J1" pin="5"/>
      <node ref="U1" pin="13"/>
    </net>
    <net code="102" name="/SD_CMD">
      <node ref="U1" pin="14"/>
      <node ref="J1" pin="3"/>
    </net>
    <net code="103" name="/SD_DAT2">
      <node ref="U1" pin="17"/>
      <node ref="J1" pin="1"/>
    </net>
    <net code="104" name="/SD_DAT1">
      <node ref="U1" pin="16"/>
      <node ref="J1" pin="8"/>
    </net>
    <net code="105" name="Net-(P1-PadA6)">
      <node ref="R5" pin="2"/>
      <node ref="P1" pin="B6"/>
      <node ref="P1" pin="A6"/>
    </net>
  </nets>
</export>
