Comment,Designator,Footprint,LCSC
"100n","C1,C5,C6,C9,C10,C11,C12,C13,C16,C17,C19,C21,C27,C32,C36","BZ_Capacitor:C_0402",""
"10u","C2,C15,C18,C20,C22,C25,C26,C31,C35","BZ_Capacitor:C_0603",""
"100u","C28,C29","BZ_Capacitor:CP_5x5.3",""
"22p","C3,C4","BZ_Capacitor:C_0402",""
"DNP","C24,C34","BZ_Capacitor:C_0402",""
"1u","C7,C8,C14,C23,C30,C33","BZ_Capacitor:C_0603",""
"RB521S30T1G","D1","BZ_Diode:D_SOD-523",""
"B0540WS","D2","BZ_Diode:D_SOD-323",""
"LED","D3","BZ_Diode:D_LED_0805_Edge_Lit",""
"IPS_ZJY154T-PG04","DISP1","BZ_Display:IPS_ZJY154T-PG04",""
"FB","FB1","BZ_Inductor:L_0805",""
"Micro_SD_Card","J1","BZ_Connector:XKB_XKTF-015-X",""
"EarPiece","J2","BZ_Connector:XKB_PJ-327A0-SMT",""
"Mechanical-NC","M1","BZ_Mechanical:Hole-Mech_0.5",""
"USB_C_Receptacle_16P","P1","BZ_Connector:HRO_TYPE-C-31-M-12",""
"SWD","P2","BZ_Connector:PINHDR-THT-50mil-02x05",""
"BATT","P3","BZ_Connector:MLX_PicoBlade-Horz-01x02-1.25P",""
"ICSP","P5","BZ_Connector:PINHDR-THT-50mil-01x06",""
"CODEC","P6","BZ_Connector:PINHDR-THT-50mil-01x06",""
"AO3401A","Q1,Q2","BZ_Standard_IC:SOT-23-3",""
"2N7002","Q3,Q4","BZ_Standard_IC:SOT-323-3",""
"10","R12","BZ_Resistor:R_0603",""
"5.1K","R1,R2,R18","BZ_Resistor:R_0402",""
"100K","R17,R20,R23","BZ_Resistor:R_0402",""
"1M5","R24","BZ_Resistor:R_0402",""
"10K","R3,R6,R11,R14,R15,R16,R19,R21,R22","BZ_Resistor:R_0402",""
"27","R4,R5","BZ_Resistor:R_0402",""
"1K","R7,R8,R13,R25,R26","BZ_Resistor:R_0402",""
"2.2K","R9,R10","BZ_Resistor:R_0402",""
"L","S1","BZ_Switch:C&K_PTS525",""
"R","S2","BZ_Switch:C&K_PTS525",""
"U","S3","BZ_Switch:C&K_PTS525",""
"D","S4","BZ_Switch:C&K_PTS525",""
"ENTER","S5","BZ_Switch:C&K_PTS525",""
"RESET","S6","BZ_Switch:SW-PUSH_3x2x0.6H",""
"Speaker","SP1","BZ_Misc:iPhone8Speaker",""
"TP","TP1,TP2,TP3","BZ_Misc:TP_THT-Pad-0.8",""
"RP2040","U1","BZ_RPi:RP2040",""
"W25QxxJVZP","U2","BZ_Standard_IC:WSON-8-1EP_5x6x1.27P_EP4.3x3.4",""
"WM8978","U4","BZ_Standard_IC:QFN-32-1EP_5x5x0.5P_EP3.45",""
"MCP73831-OT","U5","BZ_Standard_IC:SOT-23-5",""
"PIC16F1503-IMG","U6","BZ_Standard_IC:QFN-16-1EP_3x3x0.5P_EP1.1",""
"LP5907MFX-3.3","U3,U7","BZ_Standard_IC:SOT-23-5",""
"12MHz","Y1","BZ_Crystal:XTAL_3225_4P",""